{
  "best_metrics": {
    "acc": 0.8842827500533127,
    "call_action_acc": 0.9152781571519621,
    "call_action_total": 21966,
    "call_decision_acc": 0.9448644207066557,
    "call_f1": 0.9239004695261642,
    "call_label_rate": 0.3609860312243221,
    "call_opp_total": 60850,
    "call_precision": 0.9206636228018625,
    "call_pred_rate": 0.3635332785538209,
    "call_recall": 0.9271601566056633,
    "top3": 0.9923805203992865,
    "top5": 0.9986866467858388,
    "type_acc": {
      "AnGang": 0.8636363636363636,
      "BuGang": 0.9381663113006397,
      "Chi": 0.8914614121510673,
      "Gang": 0.9261363636363636,
      "Hu": 1.0,
      "Pass": 0.9530948694967273,
      "Peng": 0.9460122699386503,
      "Play": 0.8680022629417379
    }
  },
  "checkpoint": "model/checkpoint/v7_calibrated_095/mahjong_v7_calibrated_best.pkl",
  "diagnostic_compact": {
    "v6_meld_ft": {
      "acc": 0.8825936695021105,
      "chi": 0.9151888341543514,
      "honor_pred_when_legal": 0.45572913091822587,
      "pass": 0.9342730655368152,
      "peng": 0.9566090351366425,
      "play": 0.8671730934499928,
      "respond_precision": 0.8936684388593523,
      "respond_pred_rate": 0.3828645447816432,
      "singleton_honor_pred": 0.5344242997007304,
      "suit_pred_when_legal": {
        "B": 0.25466077887825556,
        "Honor": 0.45572913091822587,
        "T": 0.2560733612546866,
        "W": 0.25900090114066665
      },
      "top3": 0.9922146587820342
    },
    "v6_refine2": {
      "acc": 0.8836294583771964,
      "chi": 0.8781609195402299,
      "honor_pred_when_legal": 0.4548025313327934,
      "pass": 0.9583095684293436,
      "peng": 0.9312883435582822,
      "play": 0.8676697314268194,
      "respond_precision": 0.9275054311891943,
      "respond_pred_rate": 0.35620079402462823,
      "singleton_honor_pred": 0.533023286660532,
      "suit_pred_when_legal": {
        "B": 0.2580272194129856,
        "Honor": 0.4548025313327934,
        "T": 0.2568204208747134,
        "W": 0.25559711074691954
      },
      "top3": 0.9922722026084279
    },
    "v7_calibrated": {
      "acc": 0.8842827500533127,
      "chi": 0.8914614121510673,
      "honor_pred_when_legal": 0.4571018710447925,
      "pass": 0.9530948694967273,
      "peng": 0.9460122699386503,
      "play": 0.8680022629417379,
      "respond_precision": 0.9202419987992426,
      "respond_pred_rate": 0.36425879819662205,
      "singleton_honor_pred": 0.535908212920822,
      "suit_pred_when_legal": {
        "B": 0.2569081681455788,
        "Honor": 0.4571018710447925,
        "T": 0.25648891316832656,
        "W": 0.2554196840871632
      },
      "top3": 0.9923805203992865
    }
  },
  "sha256": "e2a62bd155ea298c14e7ed758cfc5824629dad6e6a5c07e2756b66226b5098e6",
  "size_bytes": 39729330
}