{
  "acc": 0.8132398189738921,
  "group_acc": {
    "lose": 0.8018663322180014,
    "win": 0.8469275541131347
  },
  "honor_discard_label_acc": 0.8807006760909649,
  "honor_discard_label_total": 65080,
  "top3": 0.9763664120070271,
  "top5": 0.9945773405951386,
  "type_acc": {
    "AnGang": 0.8016528925619835,
    "BuGang": 0.8912579957356077,
    "Chi": 0.7881773399014779,
    "Gang": 0.7727272727272727,
    "Hu": 1.0,
    "Pass": 0.8981504114723377,
    "Peng": 0.8751812604573341,
    "Play": 0.7946682674244354
  },
  "value_l1": 0.3367055062096823,
  "value_mse": 0.18703730417133108
}