{
  "acc": 0.8842827500533127,
  "call_action_acc": 0.9152781571519621,
  "call_action_total": 21966,
  "call_decision_acc": 0.9448644207066557,
  "call_f1": 0.9239004695261642,
  "call_label_rate": 0.3609860312243221,
  "call_opp_total": 60850,
  "call_precision": 0.9206636228018625,
  "call_pred_rate": 0.3635332785538209,
  "call_recall": 0.9271601566056633,
  "top3": 0.9923805203992865,
  "top5": 0.9986866467858388,
  "type_acc": {
    "AnGang": 0.8636363636363636,
    "BuGang": 0.9381663113006397,
    "Chi": 0.8914614121510673,
    "Gang": 0.9261363636363636,
    "Hu": 1.0,
    "Pass": 0.9530948694967273,
    "Peng": 0.9460122699386503,
    "Play": 0.8680022629417379
  }
}